BOOK_ISBN,BOOK_TITLE,BOOK_AUTHOR,BOOK_PUB,BOOK_PRICE,BOOK_DESCRIPTION,BOOK_IMAGE,BOOK_LINK
9788970504773,파이썬과 데이터 과학,"천인국, 박동규, 강영민",생능출판,26000,따라하며 배우는,sample_image/9788970504773.png,https://book.naver.com/bookdb/book_detail.nhn?bid=17718057
9788970509563,명품 자바 에센셜,황기태,생능출판,28000,자바 프로그래밍에 빠져들게 하는 재미있고 쉬운 해설서,sample_image/9788970509563.png,https://book.naver.com/bookdb/book_detail.nhn?bid=13845094
9791156644316,데이터베이스 개론,김연희,한빛아카데미,27000,기초 개념부터 빅데이터까지 큰 흐름이 보이는 데이터베이스 교과서,sample_image/9791156644316.png,https://book.naver.com/bookdb/book_detail.naver?bid=14427495
9791162242032,팀 개발을 위한 Git GitHub 시작하기,"정호영, 진유림",한빛미디어,18000,"소스코드 버전 관리를 위한 깃 깃허브, 오픈소스 참여",sample_image/9791162242032.png,https://book.naver.com/bookdb/book_detail.naver?bid=15986509
9791156005049,소프트웨어 공학의 소개,한혁수,홍릉(홍릉과학출판사),25000,이 책은 소프트웨어 공학에 대해 다룬 이론서입니다. 소프트웨어 공학의 기초적이고 전반적인 내용을 학습할 수 있도록 구성했습니다.,sample_image/9791156005049.png,https://book.naver.com/bookdb/book_detail.naver?bid=11761284
9788970187778,최신 컴퓨터 개론과 정보기술의 이해,왕종수,기한재,23000,이 책은 컴퓨터 개론과 정보기술에 대해 다룬 이론서입니다. 컴퓨터 개론과 정보기술의 기초적이고 전반적인 내용을 학습할 수 있도록 구성했습니다.,sample_image/9788970187778.png,https://book.naver.com/bookdb/book_detail.naver?bid=11771028
